{
  "project_info": {
    "project_number": "63554106876",
    "firebase_url": "https://codetones-6f027.firebaseio.com",
    "project_id": "codetones-6f027",
    "storage_bucket": "codetones-6f027.appspot.com"
  },
  "client": [
    {
      "client_info": {
        "mobilesdk_app_id": "1:63554106876:android:ae045cdce94b5c53",
        "android_client_info": {
          "package_name": "com.codetones.codetones"
        }
      },
      "oauth_client": [
        {
          "client_id": "63554106876-19u5bcsu6olsfbp2c9pra3og342oi8j5.apps.googleusercontent.com",
          "client_type": 1,
          "android_info": {
            "package_name": "com.codetones.codetones",
            "certificate_hash": "61dacca0eeb81a007544fb8524bbfa210fd81a82"
          }
        },
        {
          "client_id": "63554106876-iatt3qt5ebtk15s1oq9u92beh690jdko.apps.googleusercontent.com",
          "client_type": 3
        }
      ],
      "api_key": [
        {
          "current_key": "AIzaSyDQDwcB5OB-GOkm4Oug8GoAoLXSpq5fm8w"
        }
      ],
      "services": {
        "analytics_service": {
          "status": 1
        },
        "appinvite_service": {
          "status": 2,
          "other_platform_oauth_client": [
            {
              "client_id": "63554106876-iatt3qt5ebtk15s1oq9u92beh690jdko.apps.googleusercontent.com",
              "client_type": 3
            }
          ]
        },
        "ads_service": {
          "status": 2
        }
      }
    }
  ],
  "configuration_version": "1"
}